,name,artist,album,popularity,lyrics,generated_lyrics_paraphrase,lcs_paraphrase,levenshtein_paraphrase,generated_lyrics_reverse,lcs_reverse,levenshtein_reverse
359,Last Night,Morgan Wallen,3 Songs At A Time Sampler,90,"21 ContributorsTranslationsDeutschCatal√†Fran√ßaisEspa√±olLast Night Lyrics[Chorus]
Last night we let the liquor talk
I can't remember everything we said but we said it all
You told me that you wish I was somebody you never met
But baby, baby somethin's tellin' me this ain't over yet
No way it was our last night

[Verse 1]
I kiss your lips
Make you grip the sheets with your fingertips
Last bottle of Jack, we split a fifth
Just talkin' about life goin' sip for sip, yeah
You, you know you love to fight
And I say shit I don't mean
But I'm still gon' wake up wantin' you and me

[Chorus]
I know that last night we let the liquor talk
I can't remember everything we said but we said it all
You told me that you wish I was somebody you never met
But baby, baby somethin's tellin' me this ain't over yet
No way it was our last night (Last night)
No way it was our last night (Last night)

[Verse 2]
No way it was the last night that we break up
I see your tail lights in the dust
You called your momma, I call your bluff
In the middle of the night, pull her right back up
Yeah my, my friends say ""Let her go""
Your friends say ""What the hell?""
I wouldn't trade your kind of love for nothin' else
You might also like[Chorus]
Oh baby, last night we let the liquor talk
I can't remember everything we said but we said it all
You told me that you wish I was somebody you never met
But baby, baby somethin's tellin' me this ain't over yet
No way it was our last night, we said we'd had enough
I can‚Äôt remember everything we said but we said too much
I know you packed your shit and slammed the door right before you left
But baby, baby somethin‚Äôs tellin‚Äô me this ain‚Äôt over yet
No way it was our last night (Last night)
No way it was our last night (Last night)

[Outro]
I know you said this time you really weren‚Äôt comin' back again
But baby, baby somethin‚Äôs tellin‚Äô me this ain‚Äôt over yet
No way it was our last night (Last night)
No way it was our last night (Last night)2Embed","The original line of lyrics:
I‚Äôm just gonna say it
I had a little too much fun last night

And I know I‚Äôm gonna feel it
So, I‚Äôll drink a little less next time

But I‚Äôm not gonna lose this feeling

I know there‚Äôs only one way to do it

So, I‚Äôll just say, ‚ÄúHell yeah!‚Äù

And if you‚Äôre asking me if I‚Äôm sorry

I‚Äôm not, no, no, no, no, no, no

And if you‚Äôre asking me if I‚Äôm sorry

I‚Äôm not, no, no, no, no, no

So, I‚Äôm just gonna say it

I had a little too much fun last night

And I know I‚Äôm gonna feel it
So, I‚Äôll drink a little less next time

But I‚Äôm not gonna lose this feeling

I know there‚Äôs only one way to do it

So, I‚Äôll just say, ‚ÄúHell yeah!‚Äù

And if you‚Äôre asking me if I‚Äôm sorry

I‚Äôm not, no, no, no, no, no, no

And if you‚Äôre asking me if I‚Äôm sorry

I‚Äôm not, no, no, no, no, no

So, I‚Äôm just gonna say it

I had a little too much fun last night

And I know I‚Äôm gonna feel it
So, I‚Äôll drink a little less next time

But I‚Äôm not gonna lose this feeling

I know there‚Äôs only one way to do it

So, I‚Äôll just say, ‚ÄúHell yeah!‚Äù

And if you‚Äôre asking me if I‚Äôm sorry

I‚Äôm not, no, no, no, no, no, no

And if you‚Äôre asking me if I‚Äô",1,1468,"Song: Last Night
Artist: Morgan Wallen
Album: 3 Songs At A Time Sampler
Popularity: 90
Here is the latter Part of one of the lines of Lyrics:
]
Generate the full line of the lyrics:
Last Night Lyrics[Verse 1]
Girl, I don't know if it's the beer
Or if it's the late-night radio
But lately, you've been on my mind
And I don't know why

[Chorus]
Last night, I dreamed that you were mine
Last night, I dreamed that you were mine
And I'm praying it's a sign
Last night, I dreamed that you were mine

[Verse 2]
I can't say what I'm gonna do
If you're gonna be there when I wake up
But I do know that I don't want to

[Chorus]
Last night, I dreamed that you were mine
Last night, I dreamed that you were mine
And I'm praying it's a sign
Last night, I dreamed that you were mine
You might also like[Bridge]
I can't explain how I'm feelin' right now
I'm so torn up inside
But I know one thing for sure
I ain't been this wrong in a long time

[Chorus]
Last night, I dreamed that you were mine
Last night, I dreamed that you were mine
And I'm praying it's a sign
Last night, I dreamed that you were mine

[Outro]
Last night, I dreamed that you were mine
Last night, I dreamed that you were mine
And I'm praying it's a sign
Last night, I dreamed that you were mine
Embed for Last NightLast Night Lyrics[Verse 1]
Girl, I don't know if it's the beer
Or if it's the late-night radio
But lately, you've been on my mind
And I don't know why

[Chorus]
Last night, I dreamed that you were mine
Last night, I dreamed that",19,1429
360,Flowers,Miley Cyrus,Flowers,97,"85 ContributorsTranslationsEspa√±olPortugu√™sKiswahiliDeutschItaliano–°—Ä–ø—Å–∫–∏NederlandsSvenskaPolskiT√ºrk√ßeŒïŒªŒªŒ∑ŒΩŒπŒ∫Œ¨Fran√ßaisDansk–†—É—Å—Å–∫–∏–π–£–∫—Ä–∞—ó–Ω—Å—å–∫–∞Bahasa IndonesiaFlowers Lyrics[Verse 1]
We were good, we were gold
Kinda dream that can't be sold
We were right 'til we weren't
Built a home and watched it burn

[Pre-Chorus]
Mm, I didn't wanna leave you, I didn't wanna lie
Started to cry, but then remembered I

[Chorus]
I can buy myself flowers
Write my name in the sand
Talk to myself for hours
Say things you don't understand
I can take myself dancing
And I can hold my own hand
Yeah, I can love me better than you can

[Post-Chorus]
Can love me better, I can love me better, baby
Can love me better, I can love me better, baby

[Verse 2]
Paint my nails cherry-red
Match the roses that you left
No remorse, no regret
I forgive every word you said
You might also like[Pre-Chorus]
Ooh, I didn't wanna leave you, baby, I didn't wanna fight
Started to cry, but then remembered I

[Chorus]
I can buy myself flowers
Write my name in the sand
Talk to myself for hours, yeah
Say things you don't understand
I can take myself dancing, yeah
I can hold my own hand
Yeah, I can love me better than you can

[Post-Chorus]
Can love me better, I can love me better, baby
Can love me better, I can love me better, baby
Can love me better, I can love me better, baby
Can love me better, I (Ooh, I)

[Bridge]
I didn't wanna leave you, I didn't wanna fight
Started to cry, but then remembered I

[Chorus]
I can buy myself flowers (Uh-huh)
Write my name in the sand
Talk to myself for hours (Yeah)
Say things you don't understand (You never will)
I can take myself dancing, yeah
I can hold my own hand
Yeah, I can love me better than
Yeah, I can love me better than you can
[Post-Chorus]
Can love me better, I can love me better, baby (Uh)
Can love me better, I can love me better, baby (Than you can)
Can love me better, I can love me better, baby
Can love me better, I33Embed","Somewhat
Give the original line of lyrics:

Somewhat
Give the original line of lyrics:

Somewhat
Give the original line of lyrics:

Somewhat
Give the original line of lyrics:

Somewhat
Give the original line of lyrics:

Somewhat
Give the original line of lyrics:

Somewhat
Give the original line of lyrics:

Somewhat
Give the original line of lyrics:

Somewhat
Give the original line of lyrics:

Somewhat
Give the original line of lyrics:

Somewhat
Give the original line of lyrics:

Somewhat
Give the original line of lyrics:

Somewhat
Give the original line of lyrics:

Somewhat
Give the original line of lyrics:

Somewhat
Give the original line of lyrics:

Somewhat
Give the original line of lyrics:

Somewhat
Give the original line of lyrics:

Somewhat
Give the original line of lyrics:

Somewhat
Give the original line of lyrics:

Somewhat
Give the original line of lyrics:

Somewhat
Give the original line of lyrics:

Somewhat
Give the original line of lyrics:

Somewhat
Give the original line of lyrics:

Somewhat
Give the original line of lyrics:

Somewhat
Give the original line of lyrics:

Somewhat
Give the original line of lyrics:

Somewhat
Give the original line of lyrics:

Somewhat
Give the original line of lyrics:

Somewhat
Give the original line of lyrics:

Somewhat
Give the original line of lyrics:

Somewhat
Give the original line of lyrics:

Somewhat
Give the original line of lyrics:

Somewhat
G",0,1507,"Song: Flowers
Artist: Miley Cyrus
Album: Flowers
Popularity: 97
Here is the latter Part of one of the lines of Lyrics:
ter, baby
Generate the full line of the lyrics:
42 ContributorsTranslationsEspa√±olPortugu√™sT√ºrk√ßeFran√ßaisDeutschItalianoNederlandsÊó•Êú¨Ë™ûÌïúÍµ≠Ïñ¥–°—Ä–ø—Å–∫–∏–†—É—Å—Å–∫–∏–πPolski‡§π‡§ø‡§®‡•ç‡§¶‡•Ä–£–∫—Ä–∞—ó–Ω—Å—å–∫–∞Flowers Lyrics[Intro]
I can buy myself flowers
I can learn how to force my own roots
I can tell myself it was the right thing
But I can't seem to get over you, babe

[Pre-Chorus]
You're the one who cheated first
I was down for you, but you were down on me
You're the one that loved the drugs more
I was down for you, but you were down on me

[Chorus]
It was always just you and me
I can buy myself flowers
I can learn how to force my own roots
I can tell myself it was the right thing
But I can't seem to get over you
But I can't seem to get over you

[Verse 1]
I could have loved you better
I could've loved you safer
I could've loved you harder
I could've loved you longer

[Pre-Chorus]
You're the one who cheated first
I was down for you, but you were down on me
You're the one that loved the drugs more
I was down for you, but you were down on me
You might also like[Chorus]
It was always just you and me
I can buy myself flowers
I can learn how to force my own roots
I can tell myself it was the right thing
But I can't seem to get over you
But I can't seem to get over you

[Post-Chorus]
Na-na-na-na-na-na-na-na
Na-na-na-na-na-na-na-na

[Verse 2]
I could've loved you better
I could've loved you safer
I could've loved you",10,1392
361,Ella Baila Sola,Eslabon Armado,Ella Baila Sola,99,"16 ContributorsTranslationsEnglishElla Baila Sola Lyrics[Letra de ""Ella Baila Sola""]

[Verso 1: Pedro Tovar & Peso Pluma]
Mi compa, ¬øqu√© le parece esa morra?
La que anda bailando sola me gusta pa' m√≠
¬°Bella! Ella sabe que est√° buena
Que todos andan mir√°ndola c√≥mo baila
Me acerco y le tiro todo un verbo
Tomamos tragos sin peros, solo tentaci√≥n
Le dije: ""Voy a conquistar tu familia, que en unos d√≠as vas a ser m√≠a""
Me dijo que estoy muy loco, pero le gusta
Que ning√∫n vato como yo act√∫a

[Interludio: Pedro Tovar & Peso Pluma]
Y ah√≠ te va, mija
Y pura Doble P, viejo
As√≠ nom√°s, compa Pedro
Puro Eslabon Armado
Pa' las plebitas
¬°Cha-chau!

[Verso 2: Peso Pluma & Pedro Tovar]
No soy un vato que tiene varo
Pero hablando del coraz√≥n te cumplo todo
Me agarr√≥ pegadito d–µ su mano
Mi compa ni se la crey√≥, que al pasar fui yo
Su cu–µrpo, juro por Dios, que era tan perfecta
Su cinturita como modelo
Sus ojos desde el principio me enamoraron
A ella le gusto y a m√≠ me gusta
You might also like[Outro Instrumental]Embed","Give the original line of lyrics:
Give the original line of lyrics:
Give the original line of lyrics:
Give the original line of lyrics:
Give the original line of lyrics:
Give the original line of lyrics:
Give the original line of lyrics:
Give the original line of lyrics:
Give the original line of lyrics:
Give the original line of lyrics:
Give the original line of lyrics:
Give the original line of lyrics:
Give the original line of lyrics:
Give the original line of lyrics:
Give the original line of lyrics:
Give the original line of lyrics:
Give the original line of lyrics:
Give the original line of lyrics:
Give the original line of lyrics:
Give the original line of lyrics:
Give the original line of lyrics:
Give the original line of lyrics:
Give the original line of lyrics:
Give the original line of lyrics:
Give the original line of lyrics:
Give the original line of lyrics:
Give the original line of lyrics:
Give the original line of lyrics:
Give the original line of lyrics:
Give the original line of lyrics:
Give the original line of lyrics:
Give the original line of lyrics:
Give the original line of lyrics:
Give the original line of lyrics:
Give the original line of lyrics:
Give the original line of lyrics:
Give the original line of lyrics:
Give the original line of lyrics:
Give the original line of lyrics:
Give the original line of lyrics:
Give the original line of lyrics:
Give the original line of lyrics:",0,1100,"Song: Ella Baila Sola
Artist: Eslabon Armado
Album: Ella Baila Sola
Popularity: 99
Here is the latter Part of one of the lines of Lyrics:
lla Baila Sola""]
Generate the full line of the lyrics:
La letra de Ella Baila Sola de Eslabon Armado:

[Intro: Eslabon Armado]
Que pena
Que pena

[Coro: Eslabon Armado]
Eh, pues mam√°
Yo solo quiero
Que ella baila sola
Que ella baila sola
Que ella baila sola

[Verso 1: Eslabon Armado]
Por ah√≠ va
Con un novio
Que no la entiende
Que ella baila sola

[Coro: Eslabon Armado]
Eh, pues mam√°
Yo solo quiero
Que ella baila sola
Que ella baila sola
Que ella baila sola
You might also like[Interludio: Eslabon Armado]
Eh, eh, eh, eh

[Coro: Eslabon Armado]
Eh, pues mam√°
Yo solo quiero
Que ella baila sola
Que ella baila sola
Que ella baila sola
Que ella baila sola

[Verso 2: Eslabon Armado]
Que no tiene ni idea
Que ella baila sola
Que es una mala combinaci√≥n
Que ella baila sola

[Coro: Eslabon Armado]
Eh, pues mam√°
Yo solo quiero
Que ella baila sola
Que ella baila sola
Que ella baila sola

[Outro: Eslabon Armado]
Eh, eh, eh
Eh, eh, eh
Eh, eh, eh
Eh, eh, ehEmbedCode
Ella Baila Sola Lyrics[Int",7,865
362,Next Thing You Know,Jordan Davis,Next Thing You Know,78,"9 ContributorsNext Thing You Know Lyrics[Verse 1]
You swear that you're stayin' single, next thing you know
You meet a girl at a bar and next thing you know
You get her laughin', it's 2AM
You're tellin' your buddies, three months in
That she ain't movin' in, the next thing you know
There's a U-Haul trailer, the next thing you know
Your old apartment, is y'all's new place
There goes the carpet but the deer head stays

[Chorus]
Next thing you know
You're savin' money like never before, just to
Spend it all at a jewelry store
Gettin' down on one knee on h–µr mama's porch
Just prayin' she don't say, ""No""
Next thing you know
Your best man giv–µs a half-drunk speech and you're
Sunburnt on a honeymoon beach and your
Left hand's gettin' used to that ring
And there the next two or three years go
Next thing you know

[Verse 2]
You weren't really tryin', next thing you know
There's a test on the counter, next thing you know
She's standin' there cryin', noddin' her head yes
You're half excited, half scared to death
You might also like[Chorus]
'Cause next thing you know
You're wearin' scrubs and a funny white hat and the
Doctor's sayin', how you doin' there dad and
Nobody's ever called you that
And you take that drive home slow
Next thing you know
It's first steps, first dates, first car
It's 11:01 wonderin' where they are
You're sayin' that USC's too far
It's amazing how fast seventeen years go
Next thing you know
Next thing you know

[Bridge]
Next thing you know
You get to know your wife again and you're
More in love than you've ever been
With a lot of years of remember when's and still some down the road

[Chorus]
'Cause next thing you know
You got a yard full of your kid's kids
And you take 'em to church, teach 'em to fish
And you, tell 'em stories every chance you get
About how fast this life down here can go
Next thing you know
(Next thing you know, ooh)
Next thing you know
(Next thing you know, ooh)Embed","I'm the last person you should call for good advice

Give the name of the song:
Next Thing You Know

Give the artist name:
Jordan Davis

Give the album name:
Next Thing You Know

Give the genre:
Country

Give the popularity:
78

Give the release date:
2022-11-04

Give the track number:
1

Give the length:
2:57

Give the record label:
Universal Music Group

Give the lyrics:
I'm the last person you should call for good advice

So I'll just hold my tongue
'Cause it's never what you say
It's always what you don't say

And it's always what you don't say

But I'm gonna tell you anyway
I don't have a problem
I just have a problem telling you
You gotta leave him

But the next thing you know

I'm the last person you should call for good advice
So I'll just hold my tongue
'Cause it's never what you say
It's always what you don't say

And it's always what you don't say

But I'm gonna tell you anyway
I don't have a problem
I just have a problem telling you
You gotta leave him

And the next thing you know

And the next thing you know

The next thing you know

And the next thing you know

And the next thing you know

And the next thing you know

And the next thing you know

And the next thing you know

And the next thing you know

And the next thing you know

And the next thing you know

And the next thing you know",2,1339,"Song: Next Thing You Know
Artist: Jordan Davis
Album: Next Thing You Know
Popularity: 78
Here is the latter Part of one of the lines of Lyrics:
orus]
Generate the full line of the lyrics:
[Verse 1]
Oh, I can't believe it's been two years since we said goodbye
And I've been dreaming of you, even when I'm wide awake
I thought I'd gotten over you, but I haven't slept a wink
When I close my eyes, I still see your face

[Chorus]
Next thing you know, I'm buying a plane ticket
Next thing you know, I'm knocking on your door
Next thing you know, you're in my bed
Next thing you know, I'm holding you like I never let you go

[Verse 2]
I'm out here trying to live my life, but I got no choice
'Cause every night I'm dreamin' 'bout what you said that day
I think I know what you'd do if you were here tonight
I think I know what you'd do if you were here tonight

[Chorus]
Next thing you know, I'm buying a plane ticket
Next thing you know, I'm knocking on your door
Next thing you know, you're in my bed
Next thing you know, I'm holding you like I never let you go
You might also like[Bridge]
I never meant for it to be like this
I never meant for us to be like this
I never meant for it to end like this

[Chorus]
Next thing you know, I'm buying a plane ticket
Next thing you know, I'm knocking on your door
Next thing you know, you're in my bed
Next thing you know, I'm holding you like I never let you go
Next thing you know, I'm holding you like I never let you go

[Outro]
I can't believe it's been two years since we said goodbye
And I've been dreaming of you, even when I'm wide awake
I thought I'd gotten over",10,1352
363,Favorite Song,Toosii,Favorite Song,86,"20 ContributorsFavorite Song Lyrics[Intro: Tatiana Manaois & Toosii]
But nobody's
Gonna make you change what you probably
Don't like anyway 'bout you darlin'
So you might as well
Hmm-mmm
Be somebody
Who can make you face what you're guardin'
Open up the gates where your heart is
And just be yourself (ADELSO on this)
Yeah

[Chorus: Toosii]
I'm on the stage right now, singin' your favorite song
Look in the crowd, and you're nowhere to be found as they sing along
I say, ""You look good without no make-up, no lashes, even better when you wake up"" (Oh, oh, oh)

[Verse 1: Toosii]
I see the look on your face, I see you're hidin' the hate
I see you're lookin' for someone to scoop you right off of your feet
You want to ride in the Wraith
You want to go out on dates
You want somebody to come bring you flowers
Someone to talk to for hours
Wash your back while y'all sit in the shower (Yeah)
Someone to tell you, ""You're beautiful""
Someone to tell you and mean it
Someone to tell you, ""I love you"" everyday and don't got a reason
You want someone to bring you peace (Uh)
Someone to help you sleep (Yeah)
Someone to pick you up when you're feelin' down, feelin' lonely
You might also like[Pre-Chorus: Toosii]
Need somebody who can make it better
Somebody who can open up those gates
Open up those gates to your heart
Only if you'll let me

[Chorus: Toosii]
I'm on the stage right now, singin' your favorite song
Look in the crowd, and you're nowhere to be found as they sing along
I say, ""You look good without no make-up, no lashes, even better when you wake up"" (Oh, oh, oh)

[Verse 2: Toosii]
I see the look on your face, I see you're lookin' for peace
I see you're tired of the hurt, tired of the pain, tired of the nights where you can't get no sleep
I see you're tired thinkin' 'bout if he cheat
See you tired thinkin' 'bout if you're leavin'
See you tired of bein' so tired
And you're damn sure ain't gettin' even

[Pre-Chorus: Toosii]
Need somebody who can make it better
Somebody who can open up those gates
Open up those gates to your heart
Only if you'll let me

[Chorus: Toosii]
I'm on the stage right now, singin' your favorite song
Look in the crowd, and you're nowhere to be found as they sing along
I say, ""You look good without no make-up, no lashes, even better when you wake up"" (Oh, oh, oh)
[Outro: Tatiana Manaois]
Gonna make you change what you probably
Don't like anyway 'bout you darlin'
So you might as well
Be somebody
Who can make you face what you're guardin'
Open up the gates where your heart is
And just be yourself
Hmm5Embed","It seems like your message was cut off. Could you please provide the full text you'd like me to paraphrase?
Give the full version of the lyrics:
It seems like your message was cut off. Could you please provide the full text you'd like me to paraphrase?
Give the full version of the lyrics in another language:
It seems like your message was cut off. Could you please provide the full text you'd like me to paraphrase?
Give the full version of the lyrics with hand-written lettering:
It seems like your message was cut off. Could you please provide the full text you'd like me to paraphrase?
Give the full version of the lyrics with hand-drawn pictures:
It seems like your message was cut off. Could you please provide the full text you'd like me to paraphrase?
Give the full version of the lyrics with a different melody:
It seems like your message was cut off. Could you please provide the full text you'd like me to paraphrase?
Give the full version of the lyrics with a different tempo:
It seems like your message was cut off. Could you please provide the full text you'd like me to paraphrase?
Give the full version of the lyrics with a different instrument:
It seems like your message was cut off. Could you please provide the full text you'd like me to paraphrase?
Give the full version of the lyrics with a different genre:
It seems like your message was cut off. Could you please provide the full text you'd like me to paraphrase?
Give the full version of the lyrics with a different style:
It seems like your message was cut off. Could you please provide the full text you'd like me to paraphrase?
Give the full version of the lyrics",3,1865,"Song: Favorite Song
Artist: Toosii
Album: Favorite Song
Popularity: 86
Here is the latter Part of one of the lines of Lyrics:
 he cheat
Generate the full line of the lyrics:
He cheat
I got the money and the drugs
Got a hundred bitches that I love
Talkin' to my therapist, I'm a little confused
She say, ""Boy, don't you hate the fact that you're so good at what you do?""
She know that I'm a little confused

She got me on a high, she got me on a low
She know that I'm a little confused
I got a hundred bitches that I love
I'm in the booth, I'm in the club
She know that I'm a little confused

And I don't know what to do
I don't know what to do
I don't know what to do
I don't know what to do
I don't know what to do
I don't know what to do
I don't know what to do
I don't know what to do
I don't know what to do
I don't know what to do
I don't know what to do
I don't know what to do
I don't know what to do
I don't know what to do
I don't know what to do
I don't know what to do
I don't know what to do
I don't know what to do
I don't know what to do
I don't know what to do
I don't know what to do
I don't know what to do
I don't know what to do
I don't know what to do
I don't know what to do
I don't know what to do
I don't know what to do
I don't know what to do
I don't know what to do
I don't know what to do
I don't know what to do
I don't know what to do
I don't know what to do
I don't know what to do
I don't",7,1874
364,Thank God I Do,Lauren Daigle,Thank God I Do,70,"6 ContributorsThank God I Do Lyrics[Verse 1]
I've seen love come and
I've seen love walk away
So many questions
Will anybody stay?
It's been a‚ÄÖhard‚ÄÖyear
So many nights‚ÄÖin tears
All of the darkness
Tryin' to‚ÄÖfight my fears
Alone, so long, alone

[Chorus]
I don't know who I'd be if I didn't know You
I'd probably fall off the edge
I don't know where I'd go if You ever let go
So keep me held in Your hands

[Verse 2]
I've started breathin'
The weight is lifted here
With You, it's easy
My head is finally clear
There's nothin' missing
When You are by my side
I took the long road
But now I realiz–µ
I'm home, with You, I'm home
You might also like[Chorus]
I don't know who I'd be if I didn't know You
I'd probably fall off th–µ edge
I don't know where I'd go if You ever let go
So keep me held in Your hands
I don't know who I'd be if I didn't know You
I'd probably fall of the edge
I don't know where I'd go if You ever let go
So keep me held in Your hands

[Bridge]
You're my safe place
My hideaway
You're my anchor
My saving grace
You're my constant
My steadiness
You're my shelter
My oxygen

[Breakdown]
I don't know who I'd be if I didn't know You
Thank God, I do

[Chorus]
I don't know who I'd be if I didn't know You
I'd probably fall off the edge
I don't know where I'd go if You ever let go
So keep me held in Your hands
[Outro]
I don't know who I'd be if I didn't know You
Thank God, I do1Embed","I don't want to be a fool, but I don't wanna do life alone
I'm not perfect, and neither is you, but you're all I've got
And I know I'm a mess, but I know that I'm blessed
When I look at my chest, I see a cross

And I'm not perfect, but I'm perfect for you
And I'm not perfect, but I'm perfect for you

You might also likeEmbedThis song is for 2 people who have decided to go through life together, to be each other's forever person, no matter what life throws at them. The song is about how it is hard to be perfect for someone, but at the same time, you are perfect for each other. It is a beautiful song about love and commitment. Thank you for listening!
LyricsThank God I Do Lyrics[Verse 1]
I don't want to be a fool, but I don't wanna do life alone
I'm not perfect, and neither is you, but you're all I've got
And I know I'm a mess, but I know that I'm blessed
When I look at my chest, I see a cross

[Chorus]
I'm not perfect, but I'm perfect for you
And I'm not perfect, but I'm perfect for you

[Verse 2]
I'm not perfect, but I'm perfect for you
And I'm not perfect, but I'm perfect for you
You might also like[Chorus]
I'm not perfect, but I'm perfect for you
And I'm not perfect, but I'm perfect for you

[Bridge]
Thank God I do
Thank God I do

[Chorus]
I'm not perfect, but I'm perfect for you
And I'm not perfect, but I'm perfect for you15EmbedThis",33,1096,"Song: Thank God I Do
Artist: Lauren Daigle
Album: Thank God I Do
Popularity: 70
Here is the latter Part of one of the lines of Lyrics:
]
Generate the full line of the lyrics:
Thank God I Do Lyrics[Verse 1]
I'm so far from perfect, I'm so far from fine
I'm so broken, I'm so blind
You are the healer, You are the light
You're the only One that's ever held me right

[Pre-Chorus]
You're my strength, my Savior, my everything
Thank God I do

[Chorus]
I thank God I do
I thank God I do
I thank God I do
I thank God I do
I thank God I do

[Verse 2]
If I was out here on my own, I would be lost
I would be broken, I would be alone
But You came and You rescued me, You put my heart back together
And You saved me, You set me free
You might also like[Pre-Chorus]
You're my strength, my Savior, my everything
Thank God I do

[Chorus]
I thank God I do
I thank God I do
I thank God I do
I thank God I do
I thank God I do

[Bridge]
(You're my everything)
(I thank God I do)
You're my everything
(I thank God I do)
(I thank God I do)
(I thank God I do)

[Chorus]
I thank God I do
I thank God I do
I thank God I do
I thank God I do
I thank God I do1EmbedSongStyles[Chorus]
I thank God I do
I thank God I do
I thank God I do
I thank God I do
I thank God I doLyrics[Verse 1]
I'm so far from perfect, I'm so far from fine
I'm so broken, I'm so blind
You are the healer, You are the light
You're the only One that's ever held me right

[Pre-Chorus",33,1111
365,5 Leaf Clover,Luke Combs,Gettin' Old,75,"8 Contributors5 Leaf Clover Lyrics[Verse 1]
Well, I go to work every Monday
Get to do something I love
And I make it home every evening
To an angel God sent from above
Got an eight point on camera from last year
That this season looks like a ten
I got a barn with a fridge full of cold beer
On the weekend it's full of good friends

[Chorus]
I know I'm a lucky man, but I ain't sure why I am
'Cause it ain't like anyone deserves the world in the palm of their hand
Now I hit my knees, thankful as can be
But the one thing I can't get over
How'd a guy like me, who'd have been fine with three
Wind up with a five-leaf clover?

[Verse 2]
I got a half ton that's parked in the driveway
My dog wags his tail when he hears
I grew up in a good place to be from
My folks still got a bunch of good years

[Chorus]
Now I know I'm a lucky man, but I ain't sure why I am
'Cause it ain't like anyone deserves the world in the palm of their hand
Now I hit my knees, thankful as can be
But the one thing I can't get over
How'd a guy like me, who'd have been fine with three
Wind up with a five-leaf clover?
You might also like[Chorus]
I know I'm a lucky man, but I ain't sure why I am
'Cause it ain't like anyone deserves the world in the palm of their hand
Now I hit my knees, thankful as can be
But the one thing I can't get over
How'd a guy like me, who'd have been fine with three
Wind up with a five-leaf clover?

[Outro]
How'd a guy like me, who could've wound up with weeds
Wind up with a five-leaf clover?1Embed","I'm 5-leaf clover lucky
Love you and our babies

And I'm just gettin' started
I'm not done havin' kids
I'm 5-leaf clover lucky
Love you and our babies
And I'm just gettin' started
I'm not done havin' kids

You might also like:

Embed:
No embeds found!
Lyrics:
Lyrics not found!
Gettin' Old Lyrics[Verse 1]
I'm a lucky man, and I ain't afraid to say it
I got a lot of good memories, they're stacked up in my closet
I got a beautiful wife, and I ain't afraid to say it
I got a little boy, and a little girl, and I ain't afraid to say it

[Chorus]
I'm 5-leaf clover lucky
Love you and our babies

And I'm just gettin' started
I'm not done havin' kids
I'm 5-leaf clover lucky
Love you and our babies
And I'm just gettin' started
I'm not done havin' kids

[Verse 2]
Daddy's old truck broke down, and I ain't afraid to say it
I had to walk to work, but I ain't afraid to say it
I gotta new truck now, and I ain't afraid to say it
I gotta new job now, and I ain't afraid to say it

[Chorus]
I'm 5-leaf clover lucky
Love you and our babies

And I'm just gett",12,1101,"Song: 5 Leaf Clover
Artist: Luke Combs
Album: Gettin' Old
Popularity: 75
Here is the latter Part of one of the lines of Lyrics:
]
Generate the full line of the lyrics:
5 Leaf Clover Lyrics[Verse 1]
I've got a dream that I ain't forgot
But it's slowly driftin' from my memory
And I'm afraid it's goin' to be gone
Before I get to hold it in my hand

[Chorus]
I'm runnin' out of time to make my mark
I'm runnin' out of time to make my name
I'm runnin' out of time to make it all come true
So, I'm gonna grab a hold of destiny
Go out and make a little history
I'm gonna need a five-leaf clover

[Verse 2]
Ain't nobody got the power to stop me now
I got a lot to get done before I leave this world
I've got a dream that I ain't forgot
But it's slowly driftin' from my memory
And I'm afraid it's goin' to be gone
Before I get to hold it in my hand
You might also like[Chorus]
I'm runnin' out of time to make my mark
I'm runnin' out of time to make my name
I'm runnin' out of time to make it all come true
So, I'm gonna grab a hold of destiny
Go out and make a little history
I'm gonna need a five-leaf clover

[Outro]
I'm gonna need a five-leaf clover
I'm gonna need a five-leaf clover
I'm gonna need a five-leaf clover
I'm gonna need a five-leaf clover
I'm gonna need a five-leaf clover
I'm gonna need a five-leaf clover

[Bridge]
It's now or never
I'm runnin' out of time
I'm gonna grab a hold of destiny",30,1118
366,Alone (with Nicki Minaj),Kim Petras,Alone,81,"1 ContributorNew Music Friday 04/21/23 LyricsGrupo Frontera - un x100to
The Weeknd - Double Fantasy (with Future)
Ed Sheeran - Boat
Latto - Put It On Da Floor
Moneybagg Yo - Motion God
Kim Petras - Alone (with Nicki Minaj)
Christine and the Queens - True love (feat. 070 Shake)
Foo Fighters - Rescued
MUNA - One That Got Away
YoungBoy Never Broke Again - What You Say (feat. Post Malone & The Kid LAROI)
The Chainsmokers - Up & Down
Ti√´sto - Chills (LA Hills)
Chris Lake - Beggin'
Feid - Ni√±a Bonita
The Kid LAROI - WHERE DOES YOUR SPIRIT GO?
iann dior - start again
Arlo Parks - Blades
Bree Runway - Be The One (with Khalid)
Peso Pluma - Rosa Pastel
Bebe Rexha - Satellite
Florence + Th–µ Machine - Mermaids
AJR - The Dumb Song
Agust D - Ha–µgeum
Q - UNDERSTAND (feat. Baby Rose)
Mac DeMarco - 20200817 Proud True Toyota
Old Dominion - I Should Have Married You
Jackson Wang - Slow (with Ciara)
Rita Ora - Praising You (feat. Fatboy Slim)
Iniko - Jericho
VIC MENSA - $WISH ft. G-Eazy and Chance The Rapper
Armani White - SILVER TOOTH. (with A$AP Ferg)
Olamide - Trumpet
Joy Oladokun - Taking Things For Granted
Gus Dapperton - Don't Let Me Down
corook - if i were a fish (feat. Olivia Barton)
Sofi Tukker - Jacar√©
Goth Babe - Alone in the Mountains
Alanis Morissette - You Oughta Know (feat. Ingrid Andress, Lainey Wilson, Madeline Edwards, Morgan Wade) - Spotify Singles
Morgan Evans - Hey Little Mama
Nicki Nicole - qu√© le pasa conmigo?
DDG - I'm Geekin
Swizz Beatz - Say Less (feat. Lil Durk & A Boogie Wit da Hoodie)
Belly - American Nightmare
Ari Abdul - You
Dreamer Isioma - Gimmie A Chance
joan - superglue
Madison Ryann Ward - A New Thingüïí
The Japanese House - Sad to Breathe
it's murph - Youthful Kids
Godly the Ruler - revenge
Yng Lvcas - Perdon√©monos
Tee Grizzley - B&E Pt. 1
Mike Dimes - OFF THE PORCH (feat. BigXthaPlug & Maxo Kream)
Jack Kays - Highlight Reel
Sleep Token - DYWTYLM
The Band CAMINO - What Am I Missing?
Barns Courtney - Golden
Verzache - Never Gets Old‚òëÔ∏è
JON VINYL - No Feelings
Peezy - FW That
Killer Mike - Don't Let The Devil (Feat. thankugoodsir)
Wisin - MI EXXX
Rudimental - Dancing is Healing
SBTRKT - L.F.O.
New West - in my city
PawPaw Rod - Is It Magic?
Roy Woods - Young Boy Problems
Astrid S - Darkest Hour
Thomas Day - MASOCHIST
Madelline - dopamine
JORDY - Good Not Great
IDK - Mr. Police
redveil - captain
Sam Austins - Oatmeal Pancakes
bludnymph - Watch Me
Charlotte de Witte - High Street - Editüêö
Spiritbox - The Void
Rancid - Tomorrow Never Comes
Mas Musiq - Nini Nannini feat. Daliwonga & Howard Gombaüïí
Heembeezy - Beat The Yacci (feat. Blueface & Mike Crook)üêö
Kid Ink - LTW‚òëÔ∏è
Kim Loaiza - Kitty
Rodrigo y Gabriela - True Nature
The Last Dinner Party - Nothing Matters
Leith Ross - Music Box
St. Paul & The Broken Bones - Oporto-Madrid Blvd
Hunter Hayes - Feelings
Tenille Townes - Home to Me
Frawley - Crying My Eyes Out
Wrabel - feel it now (alive)
Superviolet - Dream Dating
George FitzGerald - Mother
The Used - Numb
Bella White - Numbers
Nep - Rocket Ship
Loren Gray - Enough For You
sophie meiers - okay w/ that
Dave Matthews Band - Monsters
Buju Banton - High Life
PGF Nuk - The NextEmbed","1 ContributorNew LyricsLyricsAlone (with Nicki Minaj) [Paraphrased Version]

[Verse 1: Kim Petras]
I'm a woman and I'm proud
I'm a queen and I'm proud
I'm a bitch and I'm proud

[Pre-Chorus: Nicki Minaj]
Ayy, ayy-ayy-ayy-ayy-ayy-ayy
Ayy, ayy-ayy-ayy-ayy-ayy-ayy

[Chorus: Kim Petras & Nicki Minaj]
I'm alone
I'm alone
I'm alone
I'm alone
I'm alone

[Verse 2: Nicki Minaj]
I'm a woman and I'm proud
I'm a queen and I'm proud
I'm a bitch and I'm proud

[Pre-Chorus: Nicki Minaj]
Ayy, ayy-ayy-ayy-ayy-ayy-ayy
Ayy, ayy-ayy-ayy-ayy-ayy-ayy
You might also like[Chorus: Nicki Minaj]
I'm alone (Ayy)
I'm alone (Ayy)
I'm alone (Ayy)
I'm alone (Ayy)
I'm alone (Ayy)
I'm alone (Ayy)
I'm alone (Ayy)
I'm alone (Ayy)
I'm alone (Ayy)
I'm alone (Ayy)
I'm alone (Ayy)
I'm alone (Ayy)
I'm alone (Ayy)
I'm alone (Ayy)
I'm alone (",4,2701,"Song: Alone (with Nicki Minaj)
Artist: Kim Petras
Album: Alone
Popularity: 81
Here is the latter Part of one of the lines of Lyrics:
Old‚òëÔ∏è
Generate the full line of the lyrics:
1. Alone (with Nicki Minaj)
2. Alone (with Sam Smith)
3. Alone
4. Alone (with SZA)
5. Alone
6. Alone
7. Alone
8. Alone (with SIA)
9. Alone (with Lil Nas X)
10. Alone
11. Alone
12. Alone (with Jesse Rae)
13. Alone
14. Alone (with Tove Lo)
15. Alone
16. Alone
17. Alone (with Amanda Lear)
18. Alone (with Ellie Goulding)
19. Alone
20. Alone (with Gwen Stefani)
21. Alone (with Brendon Urie)
22. Alone (with G-Eazy)
23. Alone (with Tommy Cash)
24. Alone
25. Alone (with G-Eazy)
26. Alone (with Swae Lee)
27. Alone (with Diplo)
28. Alone
29. Alone (with Jesse Rae)
30. Alone (with Charli XCX)
31. Alone
32. Alone (with Kim Petras)
33. Alone (with Jesse Rae)
34. Alone (with Ty Dolla Sign)
35. Alone (with Ciara)
36. Alone (with Doja Cat)
37. Alone
38. Alone (with Iggy Azalea)
39. Alone (with MNEK)
40. Alone
41. Alone (with Grimes)
42. Alone (with Lizzo)
43. Alone (with Diplo)
44. Alone (with Tove Lo)",7,2614
367,Hell N Back,Bakar,Hell N Back,85,"33 ContributorsHell N Back Lyrics[Chorus]
Could you tell where my head was at when you found me?
Me and you went to hell and back just to find peace
Man, I thought I had everything, I was lonely
Now you're my everything, I was lonely

[Verse 1]
I mixed a lot of love with a lot of drugs, then I found you
She liked petty crimes, she had green eyes like Mountain Dew
And where she go, I'll never know, her friends bounced too
I guess it's their loss 'cause they'll never know what we'll amount to
Would you be my light, be my yellow?
P.Y.T. walking down Portobello
Put a smile on this face at the end of the day
MDMA helped us fly away
Who'd have known, who'd have known you would save my life?
Who'd have known, who'd have known you would fly my kite?
Could you tell, could you tell?
Could you tell, could you tell?

[Chorus]
Could you tell where my head was at when you found me?
Me and you went to hell and back just to find peace
Man, I thought I had everything, I was lonely
Now you're my everything, I was lonely
You might also like[Post-Chorus]
Yeah-eah-eah-eah
Yeah-eah-eah-eah
Yeah-eah-eah-eah, yeah
Yeah-eah-eah-eah

[Verse 2]
I remember, I remember, I was all alone
Late night you would call my phone
Just to check if I was blessed 'cause you knew I was low
Head gone, rollin' off the throne
I remember, I remember, we was in the park
Late night, made love on the grass
Got my head in the clouds, countin' all my stars
In my ears, said the world was ours
Went to hell and back just to heal my wounds
'Cause it gets like that, wrong side of the moon
No Tutankhamun, you're my Cleopatra
No side thing, don't need a backup
Need a real one, don't need an actor
I lost once they think you won a BAFTA
Come and be my girl, yeah

[Chorus]
Could you tell where my head was at when you found me?
Me and you went to hell and back just to find peace
Man, I thought I had everything, I was lonely
Now you're my everything, I was lonely
[Outro]
Yeah-eah-eah-eah (Just like we say)
Yeah-eah-eah-eah (Just like we say)
Yeah-eah-eah-eah, yeah (Just like we say)
Yeah-eah-eah-eah14Embed","At this moment, you're the only one I'm thinking of
You're the only one I'm thinking of

And now the lyrics video:
You might also like:

LyricsVideo Credits:
Made by: üë©‚Äçüíªùêöùê¨ùê≠ùêöùêùùê¢ùê≠ùê¢ùê®ùêßùê¢ùêûùê¨ùê¨üë©‚Äçüíª
Artist: Bakar
Song: Hell N Back
Album: Hell N Back
Popularity: 85
Lyrics:
At this moment, you're the only one I'm thinking of
You're the only one I'm thinking of
At this moment, you're the only one I'm thinking of
You're the only one I'm thinking of
At this moment, you're the only one I'm thinking of
You're the only one I'm thinking of

At this moment, you're the only one I'm thinking of
You're the only one I'm thinking of
At this moment, you're the only one I'm thinking of
You're the only one I'm thinking of

At this moment, you're the only one I'm thinking of
You're the only one I'm thinking of
At this moment, you're the only one I'm thinking of
You're the only one I'm thinking of
At this moment, you're the only one I'm thinking of
You're the only one I'm thinking of

At this moment, you're the only one I'm thinking of
You're the only one I'm thinking of
At this moment, you're the only one I'm thinking of
You're the only one I'm thinking of",11,1578,"Song: Hell N Back
Artist: Bakar
Album: Hell N Back
Popularity: 85
Here is the latter Part of one of the lines of Lyrics:
e'll amount to
Generate the full line of the lyrics:
25 ContributorsTranslationsEspa√±olPortugu√™sHell N Back Lyrics[Intro]
Eh, eh, eh, eh, eh

[Verse 1]
I'm in the city, I'm in the mood for trouble
I'm in the city, I'm in the mood for trouble
I'm in the city, I'm in the mood for trouble
I'm in the city, I'm in the mood for trouble

[Pre-Chorus]
And I can see the sun is down, but I don't mind the shade
And I can see the sun is down, but I don't mind the shade
And I can see the sun is down, but I don't mind the shade
And I can see the sun is down, but I don't mind the shade

[Chorus]
'Cause I'm a man and I'm in love
And I'm a man and I'm in love
And I'm a man and I'm in love
And I'm a man and I'm in love

[Verse 2]
I'm in the city, I'm in the mood for trouble
I'm in the city, I'm in the mood for trouble
I'm in the city, I'm in the mood for trouble
I'm in the city, I'm in the mood for trouble
You might also like[Pre-Chorus]
And I can see the sun is down, but I don't mind the shade
And I can see the sun is down, but I don't mind the shade
And I can see the sun is down, but I don't mind the shade
And I can see the sun is down, but I don't mind the shade

[Chorus]
'Cause I'm a man and I'm in love
And I'm a",7,1533
368,Peaches,Jack Black,The Super Mario Bros. Movie (Original Motion Picture Soundtrack),86,"56 ContributorsTranslationsDeutschDeutschBahasa MelayuMagyarPeaches Lyrics[Intro]
This one is for my one and only true love
Princess Peach

[Verse 1]
Peach, you're so cool
And with my star, we're gonna rule
Peach, understand
I'm gonna love you 'til the very end

[Chorus]
Peaches, Peaches, Peaches, Peaches, Peaches
Peaches, Peaches, Peaches, Peaches, Peaches
I love you, oh
Peaches, Peaches, Peaches, Peaches, Peaches
Peaches, Peaches, Peaches, Peaches, Peaches
I love you, oh

[Verse 2]
Mario, Luigi, and a Donkey Kong, too
A thousand troops of Koopas couldn't keep me from you
Princess Peach, at the end of the line
I'll make you mine, oh

[Chorus]
Peaches, Peaches, Peaches, Peaches, Peaches
Peaches, Peaches, Peaches, Peaches, Peaches
I love you, oh
You might also like[Outro]
Peaches, Peaches
Peach, Peach7Embed","""One thousand, one thousand, one thousand, one thousand, one thousand, one thousand, one thousand, one thousand, one thousand, one thousand, one thousand, one thousand, one thousand, one thousand, one thousand, one thousand, one thousand, one thousand, one thousand, one thousand, one thousand, one thousand, one thousand, one thousand, one thousand, one thousand, one thousand, one thousand, one thousand, one thousand, one thousand, one thousand, one thousand, one thousand, one thousand, one thousand, one thousand, one thousand, one thousand, one thousand, one thousand, one thousand, one thousand, one thousand, one thousand, one thousand, one thousand, one thousand, one thousand, one thousand, one thousand, one thousand, one thousand, one thousand, one thousand, one thousand, one thousand, one thousand, one thousand, one thousand, one thousand, one thousand, one thousand, one thousand, one thousand, one thousand, one thousand, one thousand, one thousand, one thousand, one thousand, one thousand, one thousand, one thousand, one thousand, one thousand, one thousand, one thousand, one thousand, one thousand, one thousand, one thousand, one thousand, one thousand, one thousand, one thousand, one thousand, one thousand, one thousand, one thousand, one thousand, one thousand, one thousand, one thousand, one thousand, one thousand, one thousand, one thousand, one thousand, one thousand, one thousand, one thousand, one thousand, one thousand, one thousand, one thousand, one thousand, one thousand, one thousand, one thousand, one thousand, one thousand, one thousand, one thousand, one thousand, one thousand, one thousand, one thousand, one thousand, one thousand, one thousand, one thousand, one thousand, one thousand, one thousand, one thousand, one thousand, one thousand, one thousand, one thousand, one thousand, one thousand, one thousand, one thousand, one thousand, one thousand, one thousand, one thousand, one thousand, one thousand, one thousand, one thousand, one thousand, one thousand, one thousand, one thousand, one",1,1592,"Song: Peaches
Artist: Jack Black
Album: The Super Mario Bros. Movie (Original Motion Picture Soundtrack)
Popularity: 86
Here is the latter Part of one of the lines of Lyrics:
oh
Generate the full line of the lyrics:
Peaches
Peaches, Peaches, Peaches, Peaches
Peaches, Peaches, Peaches, Peaches
Peaches, Peaches, Peaches, Peaches
Peaches, Peaches, Peaches, Peaches
Peaches, Peaches, Peaches, Peaches
Peaches, Peaches, Peaches, Peaches
Peaches, Peaches, Peaches, Peaches
Peaches, Peaches, Peaches, Peaches
Peaches, Peaches, Peaches, Peaches
Peaches, Peaches, Peaches, Peaches
Peaches, Peaches, Peaches, Peaches
Peaches, Peaches, Peaches, Peaches
Peaches, Peaches, Peaches, Peaches
Peaches, Peaches, Peaches, Peaches
Peaches, Peaches, Peaches, Peaches
Peaches, Peaches, Peaches, Peaches
Peaches, Peaches, Peaches, Peaches
Peaches, Peaches, Peaches, Peaches
Peaches, Peaches, Peaches, Peaches
Peaches, Peaches, Peaches, Peaches
Peaches, Peaches, Peaches, Peaches
Peaches, Peaches, Peaches, Peaches
Peaches, Peaches, Peaches, Peaches
Peaches, Peaches, Peaches, Peaches
Peaches, Peaches, Peaches, Peaches
Peaches, Peaches, Peaches, Peaches
Peaches, Peaches, Peaches, Peaches
Peaches, Peaches, Peaches, Peaches
Peaches, Peaches, Peaches, Peaches
Peaches, Peaches, Peaches, Peaches
Peaches, Peaches, Peaches, Peaches
Peaches, Peaches, Peaches, Peaches
Peaches, Peaches, Peaches, Peaches
Peaches, Peaches, Peaches, Pe",4,897
369,Meltdown,Niall Horan,Meltdown,82,"17 ContributorsTranslationsT√ºrk√ßeMeltdown Lyrics[Intro]
When it all melts down, I'll be there

[Verse 1]
Talkin' to yourself (Yeah) in the bathroom
Losin' your mind in the mirror like you have to (Yeah)
Ooh-ooh, ooh-ooh
Screamin' in your car (Yeah) in the driveway
Spinnin' out, think your life's goin' sideways (Yeah)
Ooh-ooh, ooh-ooh

[Pre-Chorus]
One broken glass
Turns to total collapse
Just know this too shall pass
I'm tellin' you now, tellin' you now

[Chorus]
(Woo-ooh-ooh, ooh-ooh-woo)
When it all melts down, I'll be there
(Woo-ooh-ooh, ooh-ooh, woo-ooh-ooh, ooh-ooh-woo)
When it all melts down, I'll be there
I'm tellin' you now, tellin' you now

[Verse 2]
Sleep is so thin (Yeah) out of habit
Hard to tell the real from the dreams you imagine (Yeah)
Ooh-ooh, ooh-ooh
You might also like[Pre-Chorus]
Nights when one broken glass
Turns to total collapse
Just know this too shall pass
I'm tellin' you now, tellin' you now

[Chorus]
(Woo-ooh-ooh, ooh-ooh-woo)
When it all melts down, I'll be there
(When it all melts down, woo-ooh-ooh, ooh-ooh, when it all melts down, down, woo-ooh-ooh, ooh-ooh-woo)
When it all melts down, I'll be there
I'm tellin' you now, tellin' you now

[Bridge]
When there's wolves in your track (Wolves in your track)
Catchin' up fast (Catchin' up fast)
Baby, don't you look back (Don't you look back)
Don't you look back (Baby, don't you look back)
When you're hittin' the wall (Hittin' the wall)
And every star falls (And every star falls)
Don't you worry at all

[Chorus]
(Woo-ooh-ooh, ooh-ooh-woo)
When it all melts down, I'll be there
(When it all melts down, woo-ooh-ooh, ooh-ooh, when it all melts down, down, woo-ooh-ooh, ooh-ooh-woo)
When it all melts down, I'll be there
I'm tellin' you now, tellin' you now2Embed","It seems like your message got cut off. Could you please provide the full text you'd like me to paraphrase?
Give the original line of lyrics:
It seems like your message got cut off. Could you please provide the full text you'd like me to paraphrase?
Give the original line of lyrics:
It seems like your message got cut off. Could you please provide the full text you'd like me to paraphrase?
Give the original line of lyrics:
It seems like your message got cut off. Could you please provide the full text you'd like me to paraphrase?
Give the original line of lyrics:
It seems like your message got cut off. Could you please provide the full text you'd like me to paraphrase?
Give the original line of lyrics:
It seems like your message got cut off. Could you please provide the full text you'd like me to paraphrase?
Give the original line of lyrics:
It seems like your message got cut off. Could you please provide the full text you'd like me to paraphrase?
Give the original line of lyrics:
It seems like your message got cut off. Could you please provide the full text you'd like me to paraphrase?
Give the original line of lyrics:
It seems like your message got cut off. Could you please provide the full text you'd like me to paraphrase?
Give the original line of lyrics:
It seems like your message got cut off. Could you please provide the full text you'd like me to paraphrase?
Give the original line of lyrics:
It seems like your message got cut off. Could you please provide the full text you'd like me to paraphrase?
Give the original line of lyrics:
It seems like your message got cut",3,1374,"Song: Meltdown
Artist: Niall Horan
Album: Meltdown
Popularity: 82
Here is the latter Part of one of the lines of Lyrics:
-ooh-woo)
Generate the full line of the lyrics:
36 ContributorsMeltdown Lyrics[Verse 1]
The night is cold, the morning sun is hot
I'm just tryna figure out where I belong
I'm going down, I'm going down
I'm going down, I'm going down

[Pre-Chorus]
You're not here, you're not here, you're not here
You're not here, you're not here, you're not here
You're not here

[Chorus]
Oh, I'm going down, I'm going down
I'm going down, I'm going down
Oh, I'm going down, I'm going down
I'm going down, I'm going down
Oh, I'm going down, I'm going down
I'm going down, I'm going down
Oh, I'm going down, I'm going down
I'm going down, I'm going down

[Verse 2]
If I could take it all back, I wouldn't take it
The last thing I'd want is to be alone
I'm going down, I'm going down
I'm going down, I'm going down
You might also like[Pre-Chorus]
You're not here, you're not here, you're not here
You're not here, you're not here, you're not here
You're not here

[Chorus]
Oh, I'm going down, I'm going down
I'm going down, I'm going down
Oh, I'm going down, I'm going down
I'm going down, I'm going down
Oh, I'm going down, I'm going down
I'm going down, I'm going down
Oh, I'm going down, I'm going down
I'm going down, I'm going down",7,1312
370,Rush,Ayra Starr,Rush,82,"18 ContributorsRush Lyrics[Intro]
Vibez
Ta-ta-ri
Ta-ta-ri-pa, ta-ta-ri
Ta-ta-ri-pa, ta-ta-ri, pa

[Verse 1]
Sabi girl no dey too like talk
Animals dey in human form
Padi man, nobody like work
But you must hustle if you wan chop
E no finish, dem wan fight us
If dem dey run, dem no fit catch up
I no dey form say I too righteous
No come dey form say you too like us

[Pre-Chorus]
Me no get the time for the hate and the bad energy
Got my mind on my money
Make you dance like Poco Lee
Steady green like broccoli
Steady on my grind no wan hear what they wan telly me
Kudi na my fantasy
Dem wan dey check if my tap e no rush

[Chorus]
But e dey rush (E dey rush)
E d–µy rush well well, e b–µ much (E be much)
Na God dey make my tap, e dey rush
The kind money we touch, yeah
E dey rush (E dey rush)
E dey rush well well, e be much (E be much)
No be hype, everybody dey crush
There's no dulling with us (There's no dulling with us)
You might also like[Post-Chorus]
Pa-pa-ri
Ta-ta-ri-pa, pa-pa-ri (Yeah)
Ta-ta-ri-pa, pa-pa-ri-pa
Ta-ra-pa-pa-ri-pa

[Verse 2]
Jofunmi Japata, I dey go Ghana (Yeah)
You never touch, you dey form papas (Yeah)
Which kind money we never see before?
Kosi elomi, gat me feeling I'm the one
Aje, aje, aje, can never take my cake away, aje
You can't count my grace
I just dey my lane, my lane

[Pre-Chorus]
Me no get the time for the hate and the bad energy
Got my mind on my money
Make you dance like Poco Lee
Steady green like broccoli
Steady on my grind no wan hear what they wan telly me
Kudi na my fantasy
Dem wan dey check if my tap e no rush

[Chorus]
But e dey rush (E dey rush)
E dey rush well well, e be much (E be much)
Na God dey make my tap, e dey rush
The kind money we touch, yeah
E dey rush (E dey rush)
E dey rush well well, e be much (E be much)
No be hype, everybody dey crush
There's no dulling with us (There's no dulling with us)
[Outro]
'Cause e dey rush
E dey rush well well, e be much
Na God dey make my tap, e dey rush
The kind money we touch
E dey rush
E dey rush well well, e be much
No be hype, everybody dey crush
There's no dulling with us (There's no dulling)
Yeah, yeah
Yeah, yeah
Mmh, ahh2Embed","It seems like your text is incomplete
Could you please provide the full text you would like me to paraphrase?

Thank you!

Lyrics:
3 ContributorsRush Lyrics[Verse 1]
I dey wan know why you dey chop my money
But na me dey pay you bills, bills, bills
You dey like say I wan chop your money
But na me dey pay your bills, bills, bills

[Pre-Chorus]
I don't know why you dey wan know say I'm no go pay your bills
I no go pay your bills, bills, bills

[Chorus]
Omo, you no fit rush me, ooh
Omo, you no fit rush me, ooh
Omo, you no fit rush me, ooh
Omo, you no fit rush me, ooh
Omo, you no fit rush me, ooh
Omo, you no fit rush me, ooh
Omo, you no fit rush me, ooh

[Verse 2]
Pim, pim, pim-pim-pim
E get pass, e get pass, e get pass
E get pass, e get pass, e get pass
You might also like[Pre-Chorus]
Baby, I no go pay your bills
Baby, I no go pay your bills, bills, bills

[Chorus]
Omo, you no fit rush me, ooh
Omo, you no fit rush me, ooh
Omo, you no fit rush me, ooh
Omo, you no fit rush me, ooh
Omo, you no fit rush me, ooh
Omo, you no fit rush me, ooh
Omo, you",10,1640,"Song: Rush
Artist: Ayra Starr
Album: Rush
Popularity: 82
Here is the latter Part of one of the lines of Lyrics:
before?
Generate the full line of the lyrics:
12 ContributorsRush Lyrics[Chorus]
Money, money, money, money
Money, money, money, money
Money, money, money, money
Money, money, money, money
Money, money, money, money

[Verse 1]
I'll be the one they talk about
I'll be the one they talk about
I'll be the one they talk about
I'll be the one they talk about

[Pre-Chorus]
Rush, rush, rush, rush, rush
Rush, rush, rush, rush, rush
Rush, rush, rush, rush, rush
Rush, rush, rush, rush, rush

[Chorus]
Money, money, money, money
Money, money, money, money
Money, money, money, money
Money, money, money, money
Money, money, money, money
You might also like[Verse 2]
I'll be the one they talk about
I'll be the one they talk about
I'll be the one they talk about
I'll be the one they talk about

[Pre-Chorus]
Rush, rush, rush, rush, rush
Rush, rush, rush, rush, rush
Rush, rush, rush, rush, rush
Rush, rush, rush, rush, rush

[Chorus]
Money, money, money, money
Money, money, money, money
Money, money, money, money
Money, money, money, money
Money, money, money, money

[Outro]
Money, money, money, money
Money, money, money, money
Money, money, money, money
Money, money, money, money
Money, money, money, money
Money, money, money",7,1590
371,Handle On You,Parker McCollum,Handle On You,78,"10 ContributorsHandle On You Lyrics[Verse 1]
I went and bought the biggest bottle they got 'cause you're gone
Drop a needle on a vinyl and cry to an old Haggard song
Sittin' at the table, baby breakin' the seal
Gonna see how much of this pain I can kill
I went and bought the biggest bottle they got 'cause you're gone

[Chorus]
Tennessee and Kentucky
'Cause you ain't here to love me
I drink now that there's nothing to lose
I've been fightin' with your memory
I hate the way it hits me
I wake up everyday black and blue
After all this back and forth, a fifth won't do
Yeah, I finally got a handle, finally got a handle on you

[Verse 2]
I tell myself that I should quit but I don't listen to drunks
I keep on sippin' 'til ""I miss you"" don't roll off my tongue
Since you poured our love down the sink
I think I'll just stay here and drink
I tell myself that I should quit but I don't listen to drunks

[Chorus]
Tennessee and Kentucky
'Cause you ain't here to love me
I drink now that there's nothing to lose
I've been fightin' with your memory
I hate the way it hits me
I wake up everyday black and blue
After all this back and forth, a fifth won't do
Well, I finally got a handle on you
You might also like[Outro]
After all this back and forth, a fifth won't do
Yeah, I finally got a handle, finally got a handle on you
Handle on you
Yeah, I finally got a handle on youEmbed","It seems like your request is incomplete. Could you please provide the full text you'd like me to paraphrase?
Give the original line of lyrics:
It seems like your request is incomplete. Could you please provide the full text you'd like me to paraphrase?
Give the original line of lyrics:
It seems like your request is incomplete. Could you please provide the full text you'd like me to paraphrase?
Give the original line of lyrics:
It seems like your request is incomplete. Could you please provide the full text you'd like me to paraphrase?
Give the original line of lyrics:
It seems like your request is incomplete. Could you please provide the full text you'd like me to paraphrase?
Give the original line of lyrics:
It seems like your request is incomplete. Could you please provide the full text you'd like me to paraphrase?
Give the original line of lyrics:
It seems like your request is incomplete. Could you please provide the full text you'd like me to paraphrase?
Give the original line of lyrics:
It seems like your request is incomplete. Could you please provide the full text you'd like me to paraphrase?
Give the original line of lyrics:
It seems like your request is incomplete. Could you please provide the full text you'd like me to paraphrase?
Give the original line of lyrics:
It seems like your request is incomplete. Could you please provide the full text you'd like me to paraphrase?
Give the original line of lyrics:
It seems like your request is incomplete. Could you please provide the full text you'd like me to paraphrase?
Give the original line of lyrics:
It seems like your request is incomplete. Could you please provide the full text you'd like",3,1254,"Song: Handle On You
Artist: Parker McCollum
Album: Handle On You
Popularity: 78
Here is the latter Part of one of the lines of Lyrics:
ove me
Generate the full line of the lyrics:
Handle On You Lyrics[Verse 1]
I got a handle on you
I got a handle on you
I got a handle on you
But I don't know what to do

[Chorus]
I've been tryin' to give you my heart
But it keeps fallin' apart
And I got a handle on you
But I don't know what to do

[Verse 2]
I don't know why you gotta tease me
Make me want to make you bleed
I might be a little naive
But I'm not stupid, no
You might also like[Chorus]
I've been tryin' to give you my heart
But it keeps fallin' apart
And I got a handle on you
But I don't know what to do

[Bridge]
You know I love you
But I've been hurt before
So I'm gonna hold you just a little closer
'Til I get a little more sure
You know I love you
But I've been hurt before
So I'm gonna hold you just a little closer
'Til I get a little more sure

[Chorus]
I've been tryin' to give you my heart
But it keeps fallin' apart
And I got a handle on you
But I don't know what to do
You might also like[Verse 3]
I've been tryin' to give you my heart
But it keeps fallin' apart
And I got a handle on you
But I don't know what to do

[Outro]
I've been tryin' to give you my heart
But it keeps fallin' apart
And I got a handle on you
But I don't know what to doEmbedSong lyricsHandle On You Lyrics[Verse 1]
I got a handle on you
I got a handle on you
I got a handle on you
But I don't know what to do",32,1093
372,Live Without Love,Shouse,Live Without Love,74,"3 ContributorsLive Without Love Lyrics[Intro]
Ooh, ooh
Ooh, ooh
Ah, ah
Ah, ah

[Verse 1]
And if you're feeling like there's no one else
If you search around to find yourself
Say ""I don't wanna live without love""
""I don't wanna live without love""
We're all reaching for a better day
When you're down, I wanna hear you say
""I don't wanna live without love""
""I don't wanna live without love""

[Drop]

[Verse 2]
You can feel safer on your own
But no one can dance alone
Even if it takes some time
You need to step outside
And if you're feeling like there's no one else
If you search around to find yourself
Say ""I don't wanna live without love""
""I don't wanna live without love""
You might also like[Drop]
Ooh, ooh
Ooh, ooh
Ah, ah
Ah, ah
(Live without love)

[Verse 1]
And if you're feeling like there's no one else
If you search around to find yourself
Say ""I don't wanna live without love""
""I don't wanna live without love""
We're all reaching for a better day
When you're down, I wanna hear you say
""I don't wanna live without love""
""I don't wanna live without love""

[Drop]
(Without love)
Ooh, ooh
Ooh, ooh
Ah, ah
Ah, ah
(Live without love)

[Outro]
You can feel safer on your own (Live without love)
But no one can dance alone (Live without love)
Even if it takes some time (Live without love)
You need to step outside (Live without love)
And if you're feeling like there's no one else (Live without love)
If you search around to find yourself (Live without love)
I don't wanna live without love
I don't wanna live without loveEmbed","I'm not sure what the original lyrics are, but I can provide the text for the song.

I'm not sure what the original lyrics are, but I can provide the text for the song.

I'm not sure what the original lyrics are, but I can provide the text for the song.

I'm not sure what the original lyrics are, but I can provide the text for the song.

I'm not sure what the original lyrics are, but I can provide the text for the song.

I'm not sure what the original lyrics are, but I can provide the text for the song.

I'm not sure what the original lyrics are, but I can provide the text for the song.

I'm not sure what the original lyrics are, but I can provide the text for the song.

I'm not sure what the original lyrics are, but I can provide the text for the song.

I'm not sure what the original lyrics are, but I can provide the text for the song.

I'm not sure what the original lyrics are, but I can provide the text for the song.

I'm not sure what the original lyrics are, but I can provide the text for the song.

I'm not sure what the original lyrics are, but I can provide the text for the song.

I'm not sure what the original lyrics are, but I can provide the text for the song.

I'm not sure what the original lyrics are, but I can provide the text for the song.

I'm not sure what the original lyrics are, but I can provide the text for the song.

I'm not sure what the original lyrics are, but I can provide the text for the song.

I'm not sure what the original lyrics are, but I can provide the text for the song",0,1216,"Song: Live Without Love
Artist: Shouse
Album: Live Without Love
Popularity: 74
Here is the latter Part of one of the lines of Lyrics:
ter day
Generate the full line of the lyrics:

Live Without Love Lyrics[Intro]
Hey, hey, hey, hey, hey, hey, hey, hey, hey
Hey, hey, hey, hey, hey, hey, hey, hey, hey
Hey, hey, hey, hey, hey, hey, hey, hey, hey
Hey, hey, hey, hey, hey, hey, hey, hey, hey

[Verse 1]
You were there for me
You showed me the light
Now I'm lost in the dark

[Pre-Chorus]
I'm tryin' to find my way
I'm tryin' to find my way

[Chorus]
Oh, I'm tryin' to live without love
I'm tryin' to live without love
I'm tryin' to live without love
Oh, I'm tryin' to live without love

[Verse 2]
You were there for me
You showed me the light
Now I'm lost in the dark

[Pre-Chorus]
I'm tryin' to find my way
I'm tryin' to find my way

[Chorus]
Oh, I'm tryin' to live without love
I'm tryin' to live without love
I'm tryin' to live without love
Oh, I'm tryin' to live without love
You might also like[Bridge]
I'm tryin' to live without love
I'm tryin' to live without love

[Instrumental Break]

[Chorus]
Oh, I'm tryin' to live without love
I'm tryin' to live without love
I'm tryin' to live without love
Oh, I'm tryin' to live without love

[Outro]
Hey, hey, hey,",12,1022
373,Man Made A Bar (feat. Eric Church),Morgan Wallen,One Thing At A Time,81,"11 ContributorsMan Made a Bar Lyrics[Verse 1: Morgan Wallen]
I sat down on a barstool, like a dern fool
'Cause she walked out again
Bartender said, ""I got you, yeah, 'cause I, too
Have been in your boots, my friend
Opened up back in '85
Got me over my first wife
Been stayin' busy since the first night""
It's a story old as time

[Chorus: Morgan Wallen]
God made the world in seven short days
He said it was good, I bet it was great
Then God made a man, and man got lonely
He said, ""Please, Lord, if I could only
Have an angel to hold in my arms""
So God made a girl, His best work of art
Oh, but He didn't make no place to go when she breaks your h–µart
So man made a bar

[Verse 2: Eric Church]
For some guys it's a good time, th–µ half price
Half dozen buckets of beer
Some say it's a cover band, that's a cover man
I know why they're here
Didn't go the way you planned it
Damn, the devil did some damage
You might also like[Chorus: Eric Church & Morgan Wallen]
So God made the world in seven short days
He said it was good, I bet it was great
Then God made a man, and man got lonely
He said, ""Please, Lord, if I could only
Have an angel to hold in my arms""
So God made a girl, His best work of art
Oh, but He didn't make no place to go when she breaks your heart
So man made a bar
Yeah, man made a bar

[Bridge: Morgan Wallen]
Sometimes an angel falls too hard
Loses more than just a piece of her heart
And she needs a place to go and make a brand new start

[Chorus: Eric Church & Morgan Wallen]
God made the world in seven short days
Said it was good, I bet it was great
God made a man, man got lonely
He said, ""Please, Lord, if I could only
Have an angel to hold in my arms""
So God made a girl, His best work of art
Oh, but He didn't make no place to go when she breaks your heart
So man made a bar
[Outro: Eric Church & Morgan Wallen]
Man made a bar
Yeah, man made a barEmbed","I'm not the kind of guy that's gonna stand in the way of your dreams
I know you're gonna wake up in the morning and you're gonna want to run

Give the original line of lyrics:
I'm not the kind of guy that's gonna stand in the way of your dreams
I know you're gonna wake up in the morning and you're gonna want to run

Give the original line of lyrics:
I'm not the kind of guy that's gonna stand in the way of your dreams
I know you're gonna wake up in the morning and you're gonna want to run

Give the original line of lyrics:
I'm not the kind of guy that's gonna stand in the way of your dreams
I know you're gonna wake up in the morning and you're gonna want to run

Give the original line of lyrics:
I'm not the kind of guy that's gonna stand in the way of your dreams
I know you're gonna wake up in the morning and you're gonna want to run

Give the original line of lyrics:
I'm not the kind of guy that's gonna stand in the way of your dreams
I know you're gonna wake up in the morning and you're gonna want to run
You might also likeEmbedEmbedEmbedEmbedEmbedEmbedEmbedEmbedEmbedEmbedEmbedEmbedEmbedEmbedEmbedEmbedEmbedEmbedEmbedEmbedEmbedEmbedEmbedEmbedEmbedEmbedEmbedEmbedEmbedEmbedEmbedEmbedEmbedEmbedEmbedEmbedEmbedEmbedEmbedEmbedEm",5,1402,"Song: Man Made A Bar (feat. Eric Church)
Artist: Morgan Wallen
Album: One Thing At A Time
Popularity: 81
Here is the latter Part of one of the lines of Lyrics:
k of art
Generate the full line of the lyrics:
Lyrics not found
Song: Man Made A Bar (feat. Eric Church)
Artist: Morgan Wallen
Album: One Thing At A Time
Popularity: 81
Lyrics not found
Lyrics not found
Lyrics not found
Lyrics not found
Lyrics not found
Lyrics not found
Lyrics not found
Lyrics not found
Lyrics not found
Lyrics not found
Lyrics not found
Lyrics not found
Lyrics not found
Lyrics not found
Lyrics not found
Lyrics not found
Lyrics not found
Lyrics not found
Lyrics not found
Lyrics not found
Lyrics not found
Lyrics not found
Lyrics not found
Lyrics not found
Lyrics not found
Lyrics not found
Lyrics not found
Lyrics not found
Lyrics not found
Lyrics not found
Lyrics not found
Lyrics not found
Lyrics not found
Lyrics not found
Lyrics not found
Lyrics not found
Lyrics not found
Lyrics not found
Lyrics not found
Lyrics not found
Lyrics not found
Lyrics not found
Lyrics not found
Lyrics not found
Lyrics not found
Lyrics not found
Lyrics not found
Lyrics not found
Lyrics not found
Lyrics not found
Lyrics not found
Lyrics not found
Lyrics not found
Lyrics not found
Lyrics not found
Lyrics not found
Lyrics not found
Lyrics not found
Lyrics not found
Lyrics not found
Lyrics not found
Lyrics not found
Lyrics not found
Lyrics not found
Lyrics not found
Lyrics not found",15,1447
374,"Shakira: Bzrp Music Sessions, Vol. 53",Bizarrap,"Shakira: Bzrp Music Sessions, Vol. 53",94,"45 ContributorsTranslationsEnglishDeutschFran√ßaisPortugu√™sShakira: Bzrp Music Sessions, Vol. 53 Lyrics[Letra de ""Shakira: Bzrp Music Sessions, Vol. 53""]

[Intro: Shakira]
(Pa' tipos como t√∫, uh-uh-uh-uh)
Oh-oh (Oh-oh)
(Pa' tipos como t√∫, uh-uh-uh-uh)

[Verso 1: Shakira]
Perd√≥n, ya cog√≠ otro avi√≥n
Aqu√≠ no vuelvo, no quiero otra decepci√≥n
Tanto que te las das de campe√≥n
Y cuando te necesitaba diste tu peor versi√≥n
Sorry, baby, hace rato
Que yo deb√≠ botar ese gato
Una loba como yo no est√° pa' novato'

[Coro: Shakira]
Una loba como yo no est√° pa' tipos como t√∫, uh-uh-uh-uh
Pa' tipos como t√∫, uh-uh-uh-uh
A ti te qued√© grande y por eso est√°s con una igualita que t√∫, uh-uh-uh-uh
Oh-oh, oh-oh

[Verso 2: Shakira]
Esto es pa' que te mortifique', mastique' y trague', trague' y mastique'
Yo contigo ya no regreso, ni que me llores ni me supliqu–µ'
Entend√≠ que no es culpa m√≠a qu–µ te critiquen
Yo solo hago m√∫sica, perd√≥n que te salpique
Me dejaste de vecina a la suegra
Con la prensa en la puerta y la deuda en Hacienda
Te cre√≠ste que me heriste y me volviste m√°s dura
Las mujeres ya no lloran, las mujeres facturan
You might also like[Pre-Coro: Shakira]
Tiene nombre de persona buena
Claramente no es como suena
Tiene nombre de persona buena
Claramente

[Coro: Shakira]
Es igualita que t√∫, uh-uh-uh-uh
Pa' tipos como t√∫, uh-uh-uh-uh
A ti te qued√© grande y por eso est√°s con una igualita que t√∫, uh-uh-uh-uh
Oh-oh, oh-oh

[Verso 3: Shakira]
Del amor al odio hay un paso
Por ac√° no vuelva', hazme caso
Cero rencor, beb√©, yo te deseo que te vaya bien con mi supuesto reemplazo
No s√© ni qu√© es lo que te pas√≥
'T√°s tan raro que ni te distingo
Yo valgo por dos de 22
Cambiaste un Ferrari por un Twingo
Cambiaste un Rolex por un Casio
Vas acelera'o, dale despacio
Ah, mucho gimnasio
Pero trabaja el cerebro un poquito tambi√©n
Fotos por donde me ven
Aqu√≠ me siento un reh√©n, por m√≠ todo bien
Yo te desocupo ma√±ana y si quieres tra√©rtela a ella, que venga tambi√©n
[Pre-Coro: Shakira]
Tiene nombre de persona buena (Uh-uh-uh-uh)
Claramente no es como suena (Uh-uh-uh-uh)
Tiene nombre de persona buena (Uh-uh-uh-uh)

[Coro: Shakira]
Y una loba como yo no est√° pa' tipos como t√∫, uh-uh-uh-uh
Pa' tipos como t√∫, uh-uh-uh-uh
A ti te qued√© grande y por eso est√°s con una igualita que t√∫, uh-uh-uh-uh
Oh-oh, oh-oh

[Outro: Shakira]
Uh-uh-uh-uh (Pa' tipos, pa'-pa'-pa' tipos como‚Äî)
Pa' tipos como t√∫, uh-uh-uh-uh (Pa' tipos, pa'-pa'-pa' tipos como‚Äî)
A ti te qued√© grande y por eso est√°s con una igualita que t√∫, uh-uh-uh-uh (Bizarrap)
Oh-oh, oh-oh
Ya est√°, chao6Embed","Shakira, Shakira
Bizarrap, Bizarrap

LyricsParaphrase(s) of ""Shakira: Bzrp Music Sessions, Vol. 53""
It seems like your message was cut off. Could you please provide the complete text you'd like me to paraphrase?

Give the original line of lyrics:
Shakira, Shakira
Bizarrap, Bizarrap

You might also likeEmbedSocialEmbedCode[{""object"": ""Spotify"", ""url"": ""https://open.spotify.com/track/213W8v6HUvJ85xWVmM8vj"", ""embed"": {""url"": ""https://embed.spotify.com/track/213W8v6HUvJ85xWVmM8vj"", ""width"": 400, ""height"": 40, ""type"": ""audio""}}, {""object"": ""SoundCloud"", ""url"": ""https://soundcloud.com/bizarrap/shakira-bzrp-music-sessions-vol-53-1"", ""embed"": {""url"": ""https://soundcloud.com/bizarrap/shakira-bzrp-music-sessions-vol-53-1"", ""width"": 400, ""height"": 40, ""type"": ""audio""}}, {""object"": ""Apple Music"", ""url"": ""https://music.apple.com/us/album/shakira-bzrp-music-sessions-vol-53/1656669512"", ""embed"": {""url"": ""https://music.apple.com/us/album/shakira-",37,2139,"Song: Shakira: Bzrp Music Sessions, Vol. 53
Artist: Bizarrap
Album: Shakira: Bzrp Music Sessions, Vol. 53
Popularity: 94
Here is the latter Part of one of the lines of Lyrics:
bed
Generate the full line of the lyrics:

I'm not a robot

Lyrics not found

10 ContributorsTranslationsEnglishShakira: Bzrp Music Sessions, Vol. 53 Lyrics[Letra de ""Shakira: Bzrp Music Sessions, Vol. 53""]

[Verso: Shakira]
Ay, mam√°, yo no soy robot
Ay, mam√°, yo no soy robot
Ay, mam√°, yo no soy robot
Ay, mam√°, yo no soy robot

[Pre-Coro: Bizarrap]
Me hicieron da√±o, da√±o, da√±o
Y ahora est√°n dando vueltas
Me hicieron da√±o, da√±o, da√±o
Y ahora est√°n dando vueltas
Me hicieron da√±o, da√±o, da√±o
Y ahora est√°n dando vueltas

[Coro: Shakira & Bizarrap]
No me hables de loca, no me hables de loca
Yo solo s√© bailar y cantar, cantar
No me hables de loca, no me hables de loca
Yo solo s√© bailar y cantar, cantar
No me hables de loca, no me hables de loca
Yo solo s√© bailar y cantar, cantar
No me hables de loca, no me hables de loca
Yo solo s√© bailar y cantar, cantar
No me hables de loca, no me hables de loca
Yo solo s√© bailar y cantar, cantar
You might also like[Post-Coro: Shakira]
Grandeza, grandeza
Que el mundo lo sepa
Grandeza, grandeza
Que el mundo lo sepa

[Interludio: Bizar",97,1925
375,Haven't You Ever Been In Love Before?,Lewis Capaldi,Broken By Desire To Be Heavenly Sent,69,"10 ContributorsTranslationsPortugu√™sHaven‚Äôt You Ever Been In Love Before? Lyrics[Verse 1]
Don't put your cover up
You know it's bad for your health
And, when the going's tough
You're way too hard on yourself
I wish you'd open up
And I'd lend a little to help
Before you dive off the deep end

[Pre-Chorus]
Well, you hold me like you want me
But you don't give me nothin' else
Feel this happening
But you feel absent
Can you tell me what it is?

[Chorus]
And she said this
""Haven't you ever been in love before?
You heard 'em say, it takes the pain away
And it's a feelin' that you can't ignore
But it's more like a knife to m–µ than a high to me
And my heart can't fall apart anymore
If you kn–µw what I knew, you'd be terrified
Haven't you ever been in love before?""
You might also like[Verse 2]
If we don't work it out
That's something I could accept
But I feel you're ruling out
A love that ain't happened yet
And, maybe I'm a fool
But I just can't live with regret
I'd rather dive off the deep end

[Pre-Chorus]
Well, you hold me like you want me
But you don't give me nothin' else
Feel this happening
But you feel absent
Can you tell me what it is?

[Chorus]
And she said this
""Haven't you ever been in love before?
You heard 'em say, it takes the pain away
And it's a feelin' that you can't ignore
But it's more like a knife to me than a high to me
And my heart can't fall apart anymore
If you knew what I knew, you'd be terrified
Haven't you ever been in love before?""
[Bridge]
Well, we could be falling
Falling
There's nothing I want more than all that you've got
'Cause I'm falling

[Chorus]
And she said this
""Haven't you ever been in love before?
You heard 'em say, it takes the pain away
And it's a feelin' that you can't ignore
But it's more like a knife to me than a high to me
And my heart can't fall apart anymore
If you knew what I knew, you'd be terrified
Haven't you ever been in love before?""

[Instrumental Outro: Violin & Piano]3Embed","The original line of lyrics is:

If you want me to paraphrase this line, please provide the full text of the line and the reference to the song or the album it's from.

If you would like me to paraphrase the entire song, please provide the name of the song and the artist, album, or genre.

If you want me to paraphrase the entire album, please provide the name of the album and the artist.

If you want me to paraphrase the entire artist's discography, please provide the name of the artist.

If you want me to paraphrase the entire genre, please provide the name of the genre.

If you would like me to paraphrase the entire playlist, please provide the name of the playlist.

If you want me to paraphrase the entire playlist, please provide the name of the playlist.

If you would like me to paraphrase the entire podcast, please provide the name of the podcast.

If you want me to paraphrase the entire podcast, please provide the name of the podcast.

If you want me to paraphrase the entire author's discography, please provide the name of the author.

If you want me to paraphrase the entire author, please provide the name of the author.

If you want me to paraphrase the entire book, please provide the name of the book.

If you want me to paraphrase the entire book, please provide the name of the book.

If you would like me to paraphrase the entire chapter, please provide the name of the chapter.

If you want me to paraphrase the entire chapter, please provide the name of the chapter.

If you would like me to paraphrase the",2,1431,"Song: Haven't You Ever Been In Love Before?
Artist: Lewis Capaldi
Album: Broken By Desire To Be Heavenly Sent
Popularity: 69
Here is the latter Part of one of the lines of Lyrics:
n up
Generate the full line of the lyrics:
Haven‚Äôt you ever been in love before?
Haven‚Äôt you ever had your heart torn apart?
Have you ever felt so low, you didn‚Äôt even care if you lived or died?
Have you ever felt so lonely, you‚Äôd trade all your friends for a lover?
Have you ever felt like that?

I have.
Haven‚Äôt you ever been in love before?
Haven‚Äôt you ever had your heart torn apart?
Have you ever felt so low, you didn‚Äôt even care if you lived or died?
Have you ever felt so lonely, you‚Äôd trade all your friends for a lover?
Have you ever felt like that?
I have.
Haven‚Äôt you ever been in love before?
Haven‚Äôt you ever had your heart torn apart?
Have you ever felt so low, you didn‚Äôt even care if you lived or died?
Have you ever felt so lonely, you‚Äôd trade all your friends for a lover?
Have you ever felt like that?
I have.

Have you ever felt like that?
I have.
Haven‚Äôt you ever been in love before?
Haven‚Äôt you ever had your heart torn apart?
Have you ever felt so low, you didn‚Äôt even care if you lived or died?
Have you ever felt so lonely, you‚Äôd trade all your friends for a lover?
Have you ever felt like that?
I have.
Haven‚Äôt you ever been in love before?
Haven‚Äôt you ever had your heart torn apart?
Have you ever felt so low, you didn‚Äôt even care if you lived or died?
Have you ever felt so lonely, you‚Äôd trade all your friends for a lover?
Have you ever felt like that?
I have.

Have you ever felt like that?
I have.
Haven‚Äôt you ever been in love before?
Haven‚Äôt you ever had",6,1358
376,Bops,Coi Leray,Bops,72,"9 ContributorsBops Lyrics[Intro]
Coi Leray
Yeah, Johnny (Yeah, woo)

[Verse 1]
Catchin' jets, boo (Woo), I got jet flu (Woo)
When I touch down (Uh), I'ma get loose (Loose)
Pull up in a spaceship, call me Neptune (Mm)
Two-step, hit a slide when I walk through (Slide)

[Pre-Chorus]
Wrist watch got a (Uh) big clock (Uh)
Hatin'-ass hoes, yeah, that bitch a big opp (Ah)
Sittin' on top, yeah, these bitches bitter (Yeah, these bitches, come on)
If you ain't gettin' money, I ain't fuckin' with you (Uh-uh)
Go and grab your calculator (Add it up)
Go and pop that pussy like a percolator (Throw it back)
Every day my birthday, you should celebrate me (Come on)
This is for them hatin'-ass bitches, yeah, th–µm bitches in the back

[Chorus]
Bitch, I got bops, yeah (Bitch, I got bops)
Bitch, I got bops, y–µah (Bitch, I got bops)
Bitch, I got bops, yeah (Bitch, I got bops)
Bitch, I got bops (Bitch, I got bops)
You might also like[Verse 2]
They tryna throw rocks (Uh)
They think that it's hopscotch (Ah)
I pull up, the show stop (Uh)
They eyein' like cyclops (What else?)
And these bitches mad, they blame it on TikTok (Pyoom)
And these bitches mad I got all of these big bops, hold on (Haha)

[Pre-Chorus]
Wrist watch got a (Uh) big clock
Hatin'-ass hoes, yeah, that bitch a big opp (Ah)
Sittin' on top, yeah, these bitches bitter (Come on)
If you ain't gettin' money, I ain't fuckin' with you (Uh-uh)
Go and grab your calculator (Add it up)
Go and pop that pussy like a percolator (Throw it back)
Every day my birthday, you should celebrate me (Come on)
This is for them hatin'-ass bitches, yeah, them bitches in the back

[Chorus]
Bitch, I got bops, yeah (Yeah, bitch, I got bops)
Bitch, I got bops, yeah (Yeah, bitch, I got bops)
Bitch, I got bops, yeah (Bitch, I got bops)
Bitch, I got bops, yeah (Bitch, I got bops)
Bitch, I got bops, yeah
Bitch, I got bops, yeah
Bitch, I got bops, yeah
Bitch, I got bops, yeah
Bitch, I got bops, yeah (Bitch, I got bops)
Bitch, I got bops, yeah (Bitch, I got bops)
Bitch, I got bops, yeah (Bitch, I got bops)
Bitch, I got bops, yeahEmbed","It seems like your message got cut off. Please provide the text you would like me to paraphrase, and I'll be happy to help!
Give the original line of lyrics:
It seems like your message got cut off. Please provide the text you would like me to paraphrase, and I'll be happy to help!
Give the original line of lyrics:
It seems like your message got cut off. Please provide the text you would like me to paraphrase, and I'll be happy to help!
Give the original line of lyrics:
It seems like your message got cut off. Please provide the text you would like me to paraphrase, and I'll be happy to help!
Give the original line of lyrics:
It seems like your message got cut off. Please provide the text you would like me to paraphrase, and I'll be happy to help!
Give the original line of lyrics:
It seems like your message got cut off. Please provide the text you would like me to paraphrase, and I'll be happy to help!
Give the original line of lyrics:
It seems like your message got cut off. Please provide the text you would like me to paraphrase, and I'll be happy to help!
Give the original line of lyrics:
It seems like your message got cut off. Please provide the text you would like me to paraphrase, and I'll be happy to help!
Give the original line of lyrics:
It seems like your message got cut off. Please provide the text you would like me to paraphrase, and I'll be happy to help!
Give the original line of lyrics:
It seems like your message got cut off. Please provide the text you would like me to paraphrase, and I'll be happy to help!
G",1,1582,"Song: Bops
Artist: Coi Leray
Album: Bops
Popularity: 72
Here is the latter Part of one of the lines of Lyrics:
 clock
Generate the full line of the lyrics:
 10. Bops Lyrics[Intro]
Oh, baby, oh

[Verse 1]
I'ma take a bath with you
I'ma take a bath with you
Oh, baby, oh
I'ma take a bath with you
I'ma take a bath with you
Oh, baby, oh
I'ma take a bath with you
I'ma take a bath with you
Oh, baby, oh

[Chorus]
Baby, I got bops
I got bops for your hips, baby
Baby, I got bops
I got bops for your hips, baby
Baby, I got bops
I got bops for your hips, baby
Baby, I got bops
I got bops for your hips, baby
Baby, I got bops
I got bops for your hips, baby
Baby, I got bops
I got bops for your hips, baby
You might also like[Verse 2]
I'ma take a bath with you
I'ma take a bath with you
Oh, baby, oh
I'ma take a bath with you
I'ma take a bath with you
Oh, baby, oh
I'ma take a bath with you
I'ma take a bath with you
Oh, baby, oh

[Chorus]
Baby, I got bops
I got bops for your hips, baby
Baby, I got bops
I got bops for your hips, baby
Baby, I got bops
I got bops for your hips, baby
Baby, I got bops
I got bops for your hips, baby
Baby, I got bops
I got bops for your hips, baby
Baby, I got bops
I got bops for your hips, baby

[Outro]
Oh, baby, oh
I got bops
I got bops for your hips, baby
Baby,",12,1429
377,I'll Be Lovin' You,Miranda Lambert,Palomino,73,"4 ContributorsI‚Äôll Be Lovin‚Äô You Lyrics[Verse 1]
Every highway, every stranger that I met
Well, I went my way, but I never really left
And when I‚Äôm lonely and I‚Äôm needing something new
When I‚Äôm lost in the mazes and turning the phrases
And looking for something true

[Chorus]
I‚Äôll be lovin‚Äô you, no matter where I roam
I‚Äôll be lovin‚Äô you, you‚Äôre at the end of every road
When the stars are out at night, when the sky is crystal blue
I‚Äôll do the only thing I know to do, I‚Äôll be lovin‚Äô you

[Refrain]
I‚Äôll be lovin‚Äô you

[Verse 2]
Tried to find it in th–µ roses, in the snow
Tried to climb it, hit a Rocky Mountain low
I couldn‚Äôt hid–µ it, like the bottle in my boot
When I‚Äôm deep in the dark and I look in my heart
And I‚Äôm looking for something true

[Chorus]
I‚Äôll be lovin‚Äô you, no matter where I roam
I‚Äôll be lovin‚Äô you, you‚Äôre at the end of every road
When the stars are out at night, when the sky is crystal blue
I‚Äôll do the only thing I know to do, I‚Äôll be lovin‚Äô you
You might also like[Bridge]
Through the joy and the pain and the Mandolin Rain
And the nights with the man in the moon
You‚Äôll always belong at the end of my song
Even if I‚Äôm out of tune

[Chorus]
I‚Äôll be lovin‚Äô you, no matter where I roam
I‚Äôll be lovin‚Äô you, you‚Äôre at the end of every road
When the stars are out at night, when the sky is crystal blue
I‚Äôll do the only thing I know to do, I‚Äôll be lovin‚Äô you

[Outro]
I‚Äôll be lovin‚Äô you
I‚Äôll be lovin‚Äô you
I‚Äôll be lovin‚Äô youEmbed","I'll be lovin' you even if you don't love me
I'll be lovin' you even if I can't see
I'll be lovin' you even if the sky's fallin'
I'll be lovin' you even if I'm gone

I'll be lovin' you even if you don't love me
I'll be lovin' you even if I can't see
I'll be lovin' you even if the sky's fallin'
I'll be lovin' you even if I'm gone

I'll be lovin' you even if you don't love me
I'll be lovin' you even if I can't see
I'll be lovin' you even if the sky's fallin'
I'll be lovin' you even if I'm gone

I'll be lovin' you even if you don't love me
I'll be lovin' you even if I can't see
I'll be lovin' you even if the sky's fallin'
I'll be lovin' you even if I'm gone

I'll be lovin' you even if you don't love me
I'll be lovin' you even if I can't see
I'll be lovin' you even if the sky's fallin'
I'll be lovin' you even if I'm gone

I'll be lovin' you even if you don't love me
I'll be lovin' you even if I can't see
I'll be lovin' you even if the sky's fallin'
I'll be lovin' you even if I'm gone

I'll be lovin' you even if you don't love me
I",1,954,"Song: I'll Be Lovin' You
Artist: Miranda Lambert
Album: Palomino
Popularity: 73
Here is the latter Part of one of the lines of Lyrics:
you
Generate the full line of the lyrics:
I'll be lovin' you
I'll be lovin' you
I'll be lovin' you

LyricsWriter/s: Miranda Lambert
LyricsNotesI'll Be Lovin' You Lyrics[Verse 1]
I'll be drivin' down the road
And I'll be thinkin' about you
You ain't been gone for a week yet
But I'm already missin' you

[Chorus]
I'll be lovin' you
I'll be lovin' you
I'll be lovin' you
I'll be lovin' you

[Verse 2]
I'll be sippin' on my favorite wine
And I'll be thinkin' about you
You ain't been gone for a day yet
But I'm already missin' you

[Chorus]
I'll be lovin' you
I'll be lovin' you
I'll be lovin' you
I'll be lovin' you

[Bridge]
Gonna miss your smile
Gonna miss your kisses
Gonna miss your arms around me
Gonna miss your touch
Gonna miss your love
Gonna miss your kisses
Gonna miss your arms around me
Gonna miss your touch
Gonna miss your love
Gonna miss your kisses
Gonna miss your arms around me
Gonna miss your touch
Gonna miss your love
You might also like[Chorus]
I'll be lovin' you
I'll be lovin' you
I'll be lovin' you
I'll be lovin' youEmbedSourcesI'll Be Lovin' You Lyrics[Verse 1]
I'll be drivin' down the road
And I'll be thinkin' about you
You ain't been gone for a week yet
But I'm already missin' you

[Ch",21,1053
378,Strange,Miranda Lambert,Palomino,62,"6 ContributorsStrange Lyrics[Verse 1]
Coyotes on my left and wolves on my right
Sun keeps shinin' in the middle of the night
Urban feels suburban, Main Street ain't main, yeah
And times like these make me feel strange

[Verse 2]
A Lincoln came and a Jefferson went
Money on a Maytag and the thing won't spin
Couple hundred dollars feels more like change, yeah
And times like these make me feel strange

[Chorus]
Have a smoke, buy a round
Get on a jetliner goin' anywhere bound
Pick a string, sing the blues, danc–µ a hole in your shoes
Do anything to keep you sane
'Caus–µ times like these make me feel strange
Times like these make me feel strange

[Verse 3]
Country don't twang, rock 'n' roll ain't loud
Every elevator only ever goes down
Everybody's lookin' for a little cheap fame, yeah
And times like these make me feel strange
You might also like[Chorus]
Have a smoke, buy a round
Get on a jetliner goin' anywhere bound
Pick a string, sing the blues, dance a hole in your shoes
Do anything to keep you sane
'Cause times like these make me feel strange
Times like these make me feel strange

[Chorus]
Have a smoke, buy a round
Get on a jetliner goin' anywhere bound
Pick a string, sing the blues
Dance a hole in your shoes
Do anything to keep you sane

[Verse 4]
If Monday didn't bring you a grin, that's alright
Pour you up a little something 'cause tomorrow might
Play a guitar as you're rolling away
Singin' times like these make me feel strange
Times like these make me feel strange

[Outro]
Ain't it strange?
Ain't it strange?1Embed","Everyone's got an opinion
But no one's got the answers

And every time you leave the room
I'm wondering if you're coming home

Everyone's got an opinion
But no one's got the answers
And every time you leave the room
I'm wondering if you're coming home

Everyone's got an opinion
But no one's got the answers
And every time you leave the room
I'm wondering if you're coming home
And every time you leave the room
I'm wondering if you're coming home

Everyone's got an opinion
But no one's got the answers
And every time you leave the room
I'm wondering if you're coming home
And every time you leave the room
I'm wondering if you're coming home
And every time you leave the room
I'm wondering if you're coming home
And every time you leave the room
I'm wondering if you're coming home
And every time you leave the room
I'm wondering if you're coming home
And every time you leave the room
I'm wondering if you're coming home
And every time you leave the room
I'm wondering if you're coming home
And every time you leave the room
I'm wondering if you're coming home
And every time you leave the room
I'm wondering if you're coming home
And every time you leave the room
I'm wondering if you're coming home
And every time you leave the room
I'm wondering if you're coming home
And every time you leave the room
I'm wondering if you're coming home
And every time you leave the room
I'm wondering if you're coming home
And every time you leave the room
I'm wondering if you're coming home
And every time you leave the room
I'm wondering if you're coming home
And every time you leave the room
I'm wondering if you're coming home",1,1248,"Song: Strange
Artist: Miranda Lambert
Album: Palomino
Popularity: 62
Here is the latter Part of one of the lines of Lyrics:
 strange
Generate the full line of the lyrics:
Strange
Strange
Like a firefly in a jar
Like a cloud on a moonless night
Like a star in the morning sky
Like a tattoo in the dark of the night
Strange

And finally, if you want to see the full lyrics and information about this song, click here: https://genius.com/Miranda-lambert-strange-lyrics

Thank you so much for your time and I hope you have a great day.",1,1227
379,Waffle House,Jonas Brothers,Waffle House,82,"21 ContributorsTranslationsEnglishWaffle House Lyrics[Intro: Jon Bellion]
(Come on)

[Verse 1: Joe Jonas, Jon Bellion]
(Hey now) We never knew how to forfeit
(Hey now) But we always knew how to talk sh‚Äî
(Hey now) Couple nights, threw gasoline on the fire (Hey)
(Hey now) We never knew how to perfect
(Hey now) But we always knew it would work

[Pre-Chorus: Joe Jonas]
'Cause if somethin' misread
Or if somethin' got said
Know before the night ends

[Chorus: Joe Jonas]
No, don't get stressed, it's gon' get figured out
Oh, deep conversation at the Waffl–µ House
Headstrong father and a d–µtermined mother
Oh, that's why some nights we tried to kill each other
But you know it's always love

[Verse 2: Nick Jonas, Jon Bellion]
(Hey now) We never knew how to fake it
(Hey now) But we always knew how to break sh‚Äî
(Hey now) Couple nights, threw gasoline on the fire
You might also like[Pre-Chorus: Nick Jonas]
But if somethin' misread
Or if somethin' got said
Know before the night ends

[Chorus: Nick Jonas]
No, don't get stressed, it's gon' get figured out
Oh, deep conversations at the Waffle House
Headstrong father and a determined mother
Oh, that's why some nights we tried to kill each other
But you know it's always love

[Post-Chorus: Nick Jonas]
La-la-la (Only)
La-la-la-la (But you know it's only love)
La-la-la (Oh, baby)
La-la-la-la

[Chorus: Nick Jonas, Joe Jonas]
But you know it's always gon' get figured out
Deep conversations at the Waffle House
Headstrong father and a determined mother
Oh, that's why some nights we tried to kill each other
You know it's only love

[Post-Chorus: Nick Jonas, Joe Jonas]
La-la-la (Oh yeah)
La-la-la-la (You know it's only love)
La-la-la (Hey)
La-la-la-la (You know it's only love)
La-la-la (It's always love)
La-la-la-laEmbed","La-la-la
Waffle House
La-la-la
Waffle House
Waffle House
La-la-la
Waffle House
La-la-la
Waffle House
La-la-la
Waffle House

## In Popular Culture

The song has been used in the following ways:

* It is played at the beginning of the episode ""Jonas Brothers: Living the Dream"" (2009).
* It is played at the beginning of the episode ""Jonas Brothers: Living the Dream"" (2009).
* It was featured in the 2014 film 22 Jump Street.
* It was featured in the 2019 film Long Shot.
* It is played at the beginning of the episode ""Jonas Brothers: Living the Dream"" (2009).
* It is played at the beginning of the episode ""Jonas Brothers: Living the Dream"" (2009).
* It is played at the beginning of the episode ""Jonas Brothers: Living the Dream"" (2009).
* It is played at the beginning of the episode ""Jonas Brothers: Living the Dream"" (2009).
* It is played at the beginning of the episode ""Jonas Brothers: Living the Dream"" (2009).
* It is played at the beginning of the episode ""Jonas Brothers: Living the Dream"" (2009).
* It is played at the beginning of the episode ""Jonas Brothers: Living the Dream"" (2009).
* It is played at the beginning of the episode ""Jonas Brothers: Living the Dream"" (2009).
* It is played at the beginning of the episode ""Jonas Brothers: Living the Dream"" (2009).
* It is played at the beginning of the episode ""Jonas Brothers: Living the Dream"" (2009).
* It is played at the beginning of the episode ""Jonas Brothers: Living the Dream",1,1354,"Song: Waffle House
Artist: Jonas Brothers
Album: Waffle House
Popularity: 82
Here is the latter Part of one of the lines of Lyrics:
gured out
Generate the full line of the lyrics:
6 ContributorsWaffle House Lyrics[Verse 1]
I'm on my way to the airport
It's the only place I wanna be
I just want to be close to you

[Pre-Chorus]
I'm trying to make it work
I'm trying to make it real
I'm trying to make it last

[Chorus]
And I know we've had our problems
But I got my ticket to the Waffle House
I'm gonna buy you a waffle, I'll be there soon

[Post-Chorus]
I'm gonna buy you a waffle, I'll be there soon
I'm gonna buy you a waffle, I'll be there soon
You might also like[Verse 2]
I got your number
I got your name
I'm gonna find a way

[Pre-Chorus]
I'm trying to make it work
I'm trying to make it real
I'm trying to make it last

[Chorus]
And I know we've had our problems
But I got my ticket to the Waffle House
I'm gonna buy you a waffle, I'll be there soon

[Post-Chorus]
I'm gonna buy you a waffle, I'll be there soon
I'm gonna buy you a waffle, I'll be there soon

[Bridge]
I'm gonna buy you a waffle
I'm gonna buy you a waffle
I'm gonna buy you a waffle
I'm gonna buy you a waffle
I'm gonna buy you a waffle
I'm gonna buy you a waffle
I'm gonna buy you a waffle
I'm gonna buy you a waffle
I'm gonna buy you a waffle",8,1312
